PerceptionValue,MaxSpeed,Layout,GroupsStart,GroupsX1,GroupsX2,GroupsEnd
0.5,1.5,20260908_013309_layout_00,3,4,4,7
0.5,1.5,20260908_013309_layout_01,4,3,2,5
0.5,1.5,20260908_013309_layout_02,8,6,6,12
0.5,1.5,20260908_013309_layout_03,3,3,4,7
0.5,1.5,20260908_013309_layout_04,5,3,3,8
0.5,1.5,20260908_013309_layout_05,4,2,2,8
0.5,1.5,20260908_013309_layout_06,4,4,7,9
0.5,1.5,20260908_013309_layout_07,3,3,5,11
0.5,1.5,20260908_013309_layout_08,2,1,1,4
0.5,1.5,20260908_013309_layout_09,7,4,4,9
0.5,1.5,20260908_013309_layout_10,6,4,4,10
0.5,1.5,20260908_013309_layout_11,6,5,5,7
0.5,1.5,20260908_013309_layout_12,3,5,5,10
0.5,1.5,20260908_013309_layout_13,5,4,4,11
0.5,1.5,20260908_013309_layout_14,5,4,4,8
0.5,1.5,20260908_013309_layout_15,4,4,4,12
0.5,1.5,20260908_013309_layout_16,3,1,1,8
0.5,1.5,20260908_013309_layout_17,3,3,3,7
0.5,1.5,20260908_013309_layout_18,2,1,1,4
0.5,1.5,20260908_013309_layout_19,3,7,7,12
0.5,1.5,20260908_013309_layout_20,4,4,6,11
0.5,1.5,20260908_013309_layout_21,6,6,6,11
0.5,1.5,20260908_013309_layout_22,7,4,4,7
0.5,1.5,20260908_013309_layout_23,6,4,4,8
0.5,1.5,20260908_013309_layout_24,7,7,7,14
0.5,1.5,20260908_013309_layout_25,4,3,5,11
0.5,1.5,20260908_013309_layout_26,5,4,4,7
0.5,1.5,20260908_013309_layout_27,5,3,4,7
0.5,1.5,20260908_013309_layout_28,5,2,4,8
0.5,1.5,20260908_013309_layout_29,3,3,3,9
0.5,1.5,20260908_013309_layout_30,4,4,4,9
0.5,1.5,20260908_013309_layout_31,8,8,7,11
0.5,1.5,20260908_013309_layout_32,5,3,4,9
0.5,1.5,20260908_013309_layout_33,6,6,6,10
0.5,1.5,20260908_013309_layout_34,4,3,4,6
0.5,1.5,20260908_013309_layout_35,3,2,3,7
0.5,1.5,20260908_013309_layout_36,5,8,7,7
0.5,1.5,20260908_013309_layout_37,4,4,4,7
0.5,1.5,20260908_013309_layout_38,7,7,6,9
0.5,1.5,20260908_013309_layout_39,2,3,3,10
0.5,3.0,20260908_013309_layout_00,7,6,8,26
0.5,3.0,20260908_013309_layout_01,6,18,18,14
0.5,3.0,20260908_013309_layout_02,11,14,15,18
0.5,3.0,20260908_013309_layout_03,5,11,13,19
0.5,3.0,20260908_013309_layout_04,5,8,10,21
0.5,3.0,20260908_013309_layout_05,6,12,12,19
0.5,3.0,20260908_013309_layout_06,4,15,14,12
0.5,3.0,20260908_013309_layout_07,8,15,15,16
0.5,3.0,20260908_013309_layout_08,2,10,10,17
0.5,3.0,20260908_013309_layout_09,10,15,13,19
0.5,3.0,20260908_013309_layout_10,10,14,14,19
0.5,3.0,20260908_013309_layout_11,5,15,15,20
0.5,3.0,20260908_013309_layout_12,8,15,15,16
0.5,3.0,20260908_013309_layout_13,7,19,15,19
0.5,3.0,20260908_013309_layout_14,11,17,18,17
0.5,3.0,20260908_013309_layout_15,10,8,9,19
0.5,3.0,20260908_013309_layout_16,6,11,13,17
0.5,3.0,20260908_013309_layout_17,8,17,17,14
0.5,3.0,20260908_013309_layout_18,7,13,14,14
0.5,3.0,20260908_013309_layout_19,6,19,19,16
0.5,3.0,20260908_013309_layout_20,7,12,12,20
0.5,3.0,20260908_013309_layout_21,6,12,12,15
0.5,3.0,20260908_013309_layout_22,8,10,12,16
0.5,3.0,20260908_013309_layout_23,10,16,16,17
0.5,3.0,20260908_013309_layout_24,11,17,16,15
0.5,3.0,20260908_013309_layout_25,8,17,18,18
0.5,3.0,20260908_013309_layout_26,10,13,13,22
0.5,3.0,20260908_013309_layout_27,9,11,11,22
0.5,3.0,20260908_013309_layout_28,14,13,13,22
0.5,3.0,20260908_013309_layout_29,7,15,15,17
0.5,3.0,20260908_013309_layout_30,9,18,19,20
0.5,3.0,20260908_013309_layout_31,6,13,15,24
0.5,3.0,20260908_013309_layout_32,7,16,15,20
0.5,3.0,20260908_013309_layout_33,9,24,21,15
0.5,3.0,20260908_013309_layout_34,11,16,18,17
0.5,3.0,20260908_013309_layout_35,5,11,10,16
0.5,3.0,20260908_013309_layout_36,10,14,14,21
0.5,3.0,20260908_013309_layout_37,3,12,12,14
0.5,3.0,20260908_013309_layout_38,7,11,11,22
0.5,3.0,20260908_013309_layout_39,5,11,11,19
1.0,1.5,20260908_013309_layout_00,3,6,6,8
1.0,1.5,20260908_013309_layout_01,4,7,7,8
1.0,1.5,20260908_013309_layout_02,8,6,5,10
1.0,1.5,20260908_013309_layout_03,6,4,4,7
1.0,1.5,20260908_013309_layout_04,8,8,7,9
1.0,1.5,20260908_013309_layout_05,6,7,7,8
1.0,1.5,20260908_013309_layout_06,3,6,6,9
1.0,1.5,20260908_013309_layout_07,4,4,4,6
1.0,1.5,20260908_013309_layout_08,6,6,6,8
1.0,1.5,20260908_013309_layout_09,8,5,6,7
1.0,1.5,20260908_013309_layout_10,5,4,4,8
1.0,1.5,20260908_013309_layout_11,6,7,7,6
1.0,1.5,20260908_013309_layout_12,6,7,7,11
1.0,1.5,20260908_013309_layout_13,4,5,5,4
1.0,1.5,20260908_013309_layout_14,6,6,6,8
1.0,1.5,20260908_013309_layout_15,6,6,6,7
1.0,1.5,20260908_013309_layout_16,7,8,8,7
1.0,1.5,20260908_013309_layout_17,4,5,5,6
1.0,1.5,20260908_013309_layout_18,5,6,7,6
1.0,1.5,20260908_013309_layout_19,6,6,8,13
1.0,1.5,20260908_013309_layout_20,4,5,5,6
1.0,1.5,20260908_013309_layout_21,7,8,8,12
1.0,1.5,20260908_013309_layout_22,6,3,3,3
1.0,1.5,20260908_013309_layout_23,9,4,5,4
1.0,1.5,20260908_013309_layout_24,6,5,4,8
1.0,1.5,20260908_013309_layout_25,5,4,4,9
1.0,1.5,20260908_013309_layout_26,4,5,7,9
1.0,1.5,20260908_013309_layout_27,7,4,3,6
1.0,1.5,20260908_013309_layout_28,7,9,10,8
1.0,1.5,20260908_013309_layout_29,5,5,5,4
1.0,1.5,20260908_013309_layout_30,3,7,6,8
1.0,1.5,20260908_013309_layout_31,9,8,8,7
1.0,1.5,20260908_013309_layout_32,5,3,3,5
1.0,1.5,20260908_013309_layout_33,6,6,5,9
1.0,1.5,20260908_013309_layout_34,6,6,6,8
1.0,1.5,20260908_013309_layout_35,6,5,5,6
1.0,1.5,20260908_013309_layout_36,6,5,5,5
1.0,1.5,20260908_013309_layout_37,10,7,7,5
1.0,1.5,20260908_013309_layout_38,10,11,11,7
1.0,1.5,20260908_013309_layout_39,2,5,4,7
1.0,3.0,20260908_013309_layout_00,5,7,6,9
1.0,3.0,20260908_013309_layout_01,3,6,7,9
1.0,3.0,20260908_013309_layout_02,7,7,10,10
1.0,3.0,20260908_013309_layout_03,8,7,7,8
1.0,3.0,20260908_013309_layout_04,9,9,10,15
1.0,3.0,20260908_013309_layout_05,6,8,8,9
1.0,3.0,20260908_013309_layout_06,4,7,7,7
1.0,3.0,20260908_013309_layout_07,5,5,5,9
1.0,3.0,20260908_013309_layout_08,6,7,7,11
1.0,3.0,20260908_013309_layout_09,6,5,6,10
1.0,3.0,20260908_013309_layout_10,5,4,4,10
1.0,3.0,20260908_013309_layout_11,5,5,7,12
1.0,3.0,20260908_013309_layout_12,5,8,8,4
1.0,3.0,20260908_013309_layout_13,4,7,6,9
1.0,3.0,20260908_013309_layout_14,6,7,7,9
1.0,3.0,20260908_013309_layout_15,7,6,5,15
1.0,3.0,20260908_013309_layout_16,8,6,6,8
1.0,3.0,20260908_013309_layout_17,7,7,7,8
1.0,3.0,20260908_013309_layout_18,5,6,7,13
1.0,3.0,20260908_013309_layout_19,8,7,8,5
1.0,3.0,20260908_013309_layout_20,6,7,6,5
1.0,3.0,20260908_013309_layout_21,6,5,5,7
1.0,3.0,20260908_013309_layout_22,5,6,5,5
1.0,3.0,20260908_013309_layout_23,11,10,10,13
1.0,3.0,20260908_013309_layout_24,4,6,6,14
1.0,3.0,20260908_013309_layout_25,6,6,7,12
1.0,3.0,20260908_013309_layout_26,4,7,7,5
1.0,3.0,20260908_013309_layout_27,7,6,6,7
1.0,3.0,20260908_013309_layout_28,10,9,9,15
1.0,3.0,20260908_013309_layout_29,5,5,5,6
1.0,3.0,20260908_013309_layout_30,3,7,7,15
1.0,3.0,20260908_013309_layout_31,8,9,9,10
1.0,3.0,20260908_013309_layout_32,4,3,3,11
1.0,3.0,20260908_013309_layout_33,4,6,6,6
1.0,3.0,20260908_013309_layout_34,8,6,7,12
1.0,3.0,20260908_013309_layout_35,6,6,6,10
1.0,3.0,20260908_013309_layout_36,6,6,5,9
1.0,3.0,20260908_013309_layout_37,10,9,8,8
1.0,3.0,20260908_013309_layout_38,11,8,8,11
1.0,3.0,20260908_013309_layout_39,6,7,7,7
1.5,1.5,20260908_013309_layout_00,2,3,3,3
1.5,1.5,20260908_013309_layout_01,4,4,4,4
1.5,1.5,20260908_013309_layout_02,4,3,3,4
1.5,1.5,20260908_013309_layout_03,3,3,3,2
1.5,1.5,20260908_013309_layout_04,5,3,3,3
1.5,1.5,20260908_013309_layout_05,3,3,3,5
1.5,1.5,20260908_013309_layout_06,2,2,3,3
1.5,1.5,20260908_013309_layout_07,3,3,3,3
1.5,1.5,20260908_013309_layout_08,2,2,2,3
1.5,1.5,20260908_013309_layout_09,5,3,3,4
1.5,1.5,20260908_013309_layout_10,3,3,3,3
1.5,1.5,20260908_013309_layout_11,5,5,5,4
1.5,1.5,20260908_013309_layout_12,2,2,2,4
1.5,1.5,20260908_013309_layout_13,2,4,4,4
1.5,1.5,20260908_013309_layout_14,5,5,5,6
1.5,1.5,20260908_013309_layout_15,4,6,7,6
1.5,1.5,20260908_013309_layout_16,4,4,4,5
1.5,1.5,20260908_013309_layout_17,3,4,4,4
1.5,1.5,20260908_013309_layout_18,4,2,2,3
1.5,1.5,20260908_013309_layout_19,3,4,3,2
1.5,1.5,20260908_013309_layout_20,3,1,1,3
1.5,1.5,20260908_013309_layout_21,6,5,4,5
1.5,1.5,20260908_013309_layout_22,3,4,4,3
1.5,1.5,20260908_013309_layout_23,2,3,2,3
1.5,1.5,20260908_013309_layout_24,4,6,6,6
1.5,1.5,20260908_013309_layout_25,3,3,3,4
1.5,1.5,20260908_013309_layout_26,3,4,4,6
1.5,1.5,20260908_013309_layout_27,4,4,3,5
1.5,1.5,20260908_013309_layout_28,4,4,4,4
1.5,1.5,20260908_013309_layout_29,3,4,4,3
1.5,1.5,20260908_013309_layout_30,3,2,2,3
1.5,1.5,20260908_013309_layout_31,4,5,4,3
1.5,1.5,20260908_013309_layout_32,4,3,3,2
1.5,1.5,20260908_013309_layout_33,6,4,4,2
1.5,1.5,20260908_013309_layout_34,1,2,2,2
1.5,1.5,20260908_013309_layout_35,3,3,2,2
1.5,1.5,20260908_013309_layout_36,5,5,5,7
1.5,1.5,20260908_013309_layout_37,4,2,2,4
1.5,1.5,20260908_013309_layout_38,6,6,6,6
1.5,1.5,20260908_013309_layout_39,2,2,2,2
1.5,3.0,20260908_013309_layout_00,2,2,3,4
1.5,3.0,20260908_013309_layout_01,4,4,4,7
1.5,3.0,20260908_013309_layout_02,4,3,3,6
1.5,3.0,20260908_013309_layout_03,3,3,3,9
1.5,3.0,20260908_013309_layout_04,4,3,3,7
1.5,3.0,20260908_013309_layout_05,3,3,4,9
1.5,3.0,20260908_013309_layout_06,2,2,2,6
1.5,3.0,20260908_013309_layout_07,3,3,3,5
1.5,3.0,20260908_013309_layout_08,2,2,2,6
1.5,3.0,20260908_013309_layout_09,5,4,3,3
1.5,3.0,20260908_013309_layout_10,3,3,3,6
1.5,3.0,20260908_013309_layout_11,4,4,4,8
1.5,3.0,20260908_013309_layout_12,1,3,2,3
1.5,3.0,20260908_013309_layout_13,2,2,2,5
1.5,3.0,20260908_013309_layout_14,5,5,6,5
1.5,3.0,20260908_013309_layout_15,4,4,4,4
1.5,3.0,20260908_013309_layout_16,4,2,2,8
1.5,3.0,20260908_013309_layout_17,3,3,3,6
1.5,3.0,20260908_013309_layout_18,4,3,3,5
1.5,3.0,20260908_013309_layout_19,3,5,5,4
1.5,3.0,20260908_013309_layout_20,2,3,2,4
1.5,3.0,20260908_013309_layout_21,5,5,5,6
1.5,3.0,20260908_013309_layout_22,1,2,2,12
1.5,3.0,20260908_013309_layout_23,2,4,4,9
1.5,3.0,20260908_013309_layout_24,3,5,5,9
1.5,3.0,20260908_013309_layout_25,3,3,3,3
1.5,3.0,20260908_013309_layout_26,3,4,6,2
1.5,3.0,20260908_013309_layout_27,4,4,4,7
1.5,3.0,20260908_013309_layout_28,4,4,4,8
1.5,3.0,20260908_013309_layout_29,3,3,3,10
1.5,3.0,20260908_013309_layout_30,3,2,2,9
1.5,3.0,20260908_013309_layout_31,3,4,4,7
1.5,3.0,20260908_013309_layout_32,4,3,3,8
1.5,3.0,20260908_013309_layout_33,7,3,3,5
1.5,3.0,20260908_013309_layout_34,2,3,3,8
1.5,3.0,20260908_013309_layout_35,2,5,5,4
1.5,3.0,20260908_013309_layout_36,4,6,6,5
1.5,3.0,20260908_013309_layout_37,3,2,2,5
1.5,3.0,20260908_013309_layout_38,5,3,3,8
1.5,3.0,20260908_013309_layout_39,1,2,2,6
1.8,1.5,20260908_013309_layout_00,2,3,3,3
1.8,1.5,20260908_013309_layout_01,3,3,3,2
1.8,1.5,20260908_013309_layout_02,4,2,2,2
1.8,1.5,20260908_013309_layout_03,3,3,3,3
1.8,1.5,20260908_013309_layout_04,3,3,3,4
1.8,1.5,20260908_013309_layout_05,3,3,3,3
1.8,1.5,20260908_013309_layout_06,2,1,2,3
1.8,1.5,20260908_013309_layout_07,3,3,3,3
1.8,1.5,20260908_013309_layout_08,2,2,2,3
1.8,1.5,20260908_013309_layout_09,4,2,2,5
1.8,1.5,20260908_013309_layout_10,4,5,5,3
1.8,1.5,20260908_013309_layout_11,5,4,4,4
1.8,1.5,20260908_013309_layout_12,2,2,2,3
1.8,1.5,20260908_013309_layout_13,2,3,3,5
1.8,1.5,20260908_013309_layout_14,5,3,3,5
1.8,1.5,20260908_013309_layout_15,4,3,3,3
1.8,1.5,20260908_013309_layout_16,2,2,2,2
1.8,1.5,20260908_013309_layout_17,3,2,2,2
1.8,1.5,20260908_013309_layout_18,3,1,1,3
1.8,1.5,20260908_013309_layout_19,3,2,2,3
1.8,1.5,20260908_013309_layout_20,2,2,2,3
1.8,1.5,20260908_013309_layout_21,5,3,3,3
1.8,1.5,20260908_013309_layout_22,2,3,3,3
1.8,1.5,20260908_013309_layout_23,3,3,3,2
1.8,1.5,20260908_013309_layout_24,4,4,4,4
1.8,1.5,20260908_013309_layout_25,4,3,5,5
1.8,1.5,20260908_013309_layout_26,3,2,2,3
1.8,1.5,20260908_013309_layout_27,4,3,3,3
1.8,1.5,20260908_013309_layout_28,5,3,3,2
1.8,1.5,20260908_013309_layout_29,3,2,2,2
1.8,1.5,20260908_013309_layout_30,3,2,2,2
1.8,1.5,20260908_013309_layout_31,4,3,3,3
1.8,1.5,20260908_013309_layout_32,2,2,2,2
1.8,1.5,20260908_013309_layout_33,2,3,3,3
1.8,1.5,20260908_013309_layout_34,3,3,3,3
1.8,1.5,20260908_013309_layout_35,3,3,3,4
1.8,1.5,20260908_013309_layout_36,5,2,2,2
1.8,1.5,20260908_013309_layout_37,3,2,2,2
1.8,1.5,20260908_013309_layout_38,5,2,2,2
1.8,1.5,20260908_013309_layout_39,2,1,3,3
1.8,3.0,20260908_013309_layout_00,2,3,3,5
1.8,3.0,20260908_013309_layout_01,3,2,2,5
1.8,3.0,20260908_013309_layout_02,4,3,2,6
1.8,3.0,20260908_013309_layout_03,3,3,3,5
1.8,3.0,20260908_013309_layout_04,3,3,3,10
1.8,3.0,20260908_013309_layout_05,1,2,2,6
1.8,3.0,20260908_013309_layout_06,2,2,1,4
1.8,3.0,20260908_013309_layout_07,3,3,3,1
1.8,3.0,20260908_013309_layout_08,2,2,3,11
1.8,3.0,20260908_013309_layout_09,4,2,2,4
1.8,3.0,20260908_013309_layout_10,3,5,5,4
1.8,3.0,20260908_013309_layout_11,5,2,3,2
1.8,3.0,20260908_013309_layout_12,2,2,2,9
1.8,3.0,20260908_013309_layout_13,2,3,3,7
1.8,3.0,20260908_013309_layout_14,5,3,3,8
1.8,3.0,20260908_013309_layout_15,4,3,4,6
1.8,3.0,20260908_013309_layout_16,2,2,2,2
1.8,3.0,20260908_013309_layout_17,2,2,2,6
1.8,3.0,20260908_013309_layout_18,3,2,2,6
1.8,3.0,20260908_013309_layout_19,3,3,3,4
1.8,3.0,20260908_013309_layout_20,2,2,2,2
1.8,3.0,20260908_013309_layout_21,3,3,3,4
1.8,3.0,20260908_013309_layout_22,3,2,2,2
1.8,3.0,20260908_013309_layout_23,3,3,3,5
1.8,3.0,20260908_013309_layout_24,4,4,4,3
1.8,3.0,20260908_013309_layout_25,4,4,4,8
1.8,3.0,20260908_013309_layout_26,3,2,2,9
1.8,3.0,20260908_013309_layout_27,4,3,3,5
1.8,3.0,20260908_013309_layout_28,4,3,3,4
1.8,3.0,20260908_013309_layout_29,2,2,2,2
1.8,3.0,20260908_013309_layout_30,3,2,2,5
1.8,3.0,20260908_013309_layout_31,4,3,3,4
1.8,3.0,20260908_013309_layout_32,2,2,2,3
1.8,3.0,20260908_013309_layout_33,2,1,1,6
1.8,3.0,20260908_013309_layout_34,3,2,2,4
1.8,3.0,20260908_013309_layout_35,3,2,2,5
1.8,3.0,20260908_013309_layout_36,2,6,6,6
1.8,3.0,20260908_013309_layout_37,1,2,2,7
1.8,3.0,20260908_013309_layout_38,2,2,2,8
1.8,3.0,20260908_013309_layout_39,1,3,3,9
2.0,1.5,20260908_013309_layout_00,2,3,3,3
2.0,1.5,20260908_013309_layout_01,4,3,3,3
2.0,1.5,20260908_013309_layout_02,6,3,3,3
2.0,1.5,20260908_013309_layout_03,2,3,3,2
2.0,1.5,20260908_013309_layout_04,4,2,2,2
2.0,1.5,20260908_013309_layout_05,1,1,1,2
2.0,1.5,20260908_013309_layout_06,2,2,2,2
2.0,1.5,20260908_013309_layout_07,3,3,3,3
2.0,1.5,20260908_013309_layout_08,2,2,2,2
2.0,1.5,20260908_013309_layout_09,3,2,2,2
2.0,1.5,20260908_013309_layout_10,3,3,3,1
2.0,1.5,20260908_013309_layout_11,5,2,2,2
2.0,1.5,20260908_013309_layout_12,2,2,2,2
2.0,1.5,20260908_013309_layout_13,2,3,3,2
2.0,1.5,20260908_013309_layout_14,5,3,3,3
2.0,1.5,20260908_013309_layout_15,4,3,3,3
2.0,1.5,20260908_013309_layout_16,4,2,2,2
2.0,1.5,20260908_013309_layout_17,2,2,2,2
2.0,1.5,20260908_013309_layout_18,3,2,2,2
2.0,1.5,20260908_013309_layout_19,3,2,2,2
2.0,1.5,20260908_013309_layout_20,2,1,1,4
2.0,1.5,20260908_013309_layout_21,6,1,1,3
2.0,1.5,20260908_013309_layout_22,3,2,2,2
2.0,1.5,20260908_013309_layout_23,5,3,3,3
2.0,1.5,20260908_013309_layout_24,4,2,2,4
2.0,1.5,20260908_013309_layout_25,4,3,3,4
2.0,1.5,20260908_013309_layout_26,3,2,2,3
2.0,1.5,20260908_013309_layout_27,4,2,2,2
2.0,1.5,20260908_013309_layout_28,4,1,1,3
2.0,1.5,20260908_013309_layout_29,3,2,2,2
2.0,1.5,20260908_013309_layout_30,3,2,2,3
2.0,1.5,20260908_013309_layout_31,5,2,2,3
2.0,1.5,20260908_013309_layout_32,3,2,2,2
2.0,1.5,20260908_013309_layout_33,4,2,2,3
2.0,1.5,20260908_013309_layout_34,4,2,2,2
2.0,1.5,20260908_013309_layout_35,3,2,2,2
2.0,1.5,20260908_013309_layout_36,2,2,2,3
2.0,1.5,20260908_013309_layout_37,2,2,2,2
2.0,1.5,20260908_013309_layout_38,4,2,2,3
2.0,1.5,20260908_013309_layout_39,2,2,2,2
2.0,3.0,20260908_013309_layout_00,2,2,2,2
2.0,3.0,20260908_013309_layout_01,3,2,3,5
2.0,3.0,20260908_013309_layout_02,5,2,2,2
2.0,3.0,20260908_013309_layout_03,3,3,3,8
2.0,3.0,20260908_013309_layout_04,4,2,2,3
2.0,3.0,20260908_013309_layout_05,1,3,3,3
2.0,3.0,20260908_013309_layout_06,2,2,2,5
2.0,3.0,20260908_013309_layout_07,3,3,3,4
2.0,3.0,20260908_013309_layout_08,2,1,2,3
2.0,3.0,20260908_013309_layout_09,2,4,4,4
2.0,3.0,20260908_013309_layout_10,3,2,2,2
2.0,3.0,20260908_013309_layout_11,3,2,2,7
2.0,3.0,20260908_013309_layout_12,3,2,2,6
2.0,3.0,20260908_013309_layout_13,2,2,3,10
2.0,3.0,20260908_013309_layout_14,5,3,3,6
2.0,3.0,20260908_013309_layout_15,4,3,3,9
2.0,3.0,20260908_013309_layout_16,2,2,2,4
2.0,3.0,20260908_013309_layout_17,2,2,2,6
2.0,3.0,20260908_013309_layout_18,3,2,2,6
2.0,3.0,20260908_013309_layout_19,3,2,2,4
2.0,3.0,20260908_013309_layout_20,2,1,1,6
2.0,3.0,20260908_013309_layout_21,4,3,3,4
2.0,3.0,20260908_013309_layout_22,3,2,2,2
2.0,3.0,20260908_013309_layout_23,4,3,3,5
2.0,3.0,20260908_013309_layout_24,3,2,2,5
2.0,3.0,20260908_013309_layout_25,4,9,9,5
2.0,3.0,20260908_013309_layout_26,2,2,2,4
2.0,3.0,20260908_013309_layout_27,4,2,2,2
2.0,3.0,20260908_013309_layout_28,3,1,1,9
2.0,3.0,20260908_013309_layout_29,2,2,2,2
2.0,3.0,20260908_013309_layout_30,3,3,3,5
2.0,3.0,20260908_013309_layout_31,4,2,2,3
2.0,3.0,20260908_013309_layout_32,3,2,2,4
2.0,3.0,20260908_013309_layout_33,4,1,1,7
2.0,3.0,20260908_013309_layout_34,3,2,2,7
2.0,3.0,20260908_013309_layout_35,3,2,2,4
2.0,3.0,20260908_013309_layout_36,2,6,6,7
2.0,3.0,20260908_013309_layout_37,1,2,2,7
2.0,3.0,20260908_013309_layout_38,4,2,2,4
2.0,3.0,20260908_013309_layout_39,1,2,2,6
2.5,1.5,20260908_013309_layout_00,2,4,3,2
2.5,1.5,20260908_013309_layout_01,4,2,2,2
2.5,1.5,20260908_013309_layout_02,6,2,2,3
2.5,1.5,20260908_013309_layout_03,3,2,2,2
2.5,1.5,20260908_013309_layout_04,4,2,2,2
2.5,1.5,20260908_013309_layout_05,1,1,1,1
2.5,1.5,20260908_013309_layout_06,2,3,3,2
2.5,1.5,20260908_013309_layout_07,3,2,2,3
2.5,1.5,20260908_013309_layout_08,2,1,1,1
2.5,1.5,20260908_013309_layout_09,3,1,1,1
2.5,1.5,20260908_013309_layout_10,3,2,2,2
2.5,1.5,20260908_013309_layout_11,5,2,2,5
2.5,1.5,20260908_013309_layout_12,2,2,2,3
2.5,1.5,20260908_013309_layout_13,2,2,2,2
2.5,1.5,20260908_013309_layout_14,5,3,3,4
2.5,1.5,20260908_013309_layout_15,4,1,1,1
2.5,1.5,20260908_013309_layout_16,5,2,2,2
2.5,1.5,20260908_013309_layout_17,3,2,2,2
2.5,1.5,20260908_013309_layout_18,3,1,1,1
2.5,1.5,20260908_013309_layout_19,3,1,1,1
2.5,1.5,20260908_013309_layout_20,3,1,1,1
2.5,1.5,20260908_013309_layout_21,5,3,3,1
2.5,1.5,20260908_013309_layout_22,3,2,2,2
2.5,1.5,20260908_013309_layout_23,3,3,3,3
2.5,1.5,20260908_013309_layout_24,4,2,2,2
2.5,1.5,20260908_013309_layout_25,4,4,4,2
2.5,1.5,20260908_013309_layout_26,2,2,2,2
2.5,1.5,20260908_013309_layout_27,4,2,2,2
2.5,1.5,20260908_013309_layout_28,5,1,2,2
2.5,1.5,20260908_013309_layout_29,3,2,2,2
2.5,1.5,20260908_013309_layout_30,4,2,2,2
2.5,1.5,20260908_013309_layout_31,1,2,2,3
2.5,1.5,20260908_013309_layout_32,3,2,2,1
2.5,1.5,20260908_013309_layout_33,3,1,1,1
2.5,1.5,20260908_013309_layout_34,3,2,2,4
2.5,1.5,20260908_013309_layout_35,3,2,2,2
2.5,1.5,20260908_013309_layout_36,2,2,2,2
2.5,1.5,20260908_013309_layout_37,1,2,2,4
2.5,1.5,20260908_013309_layout_38,2,2,2,2
2.5,1.5,20260908_013309_layout_39,2,1,1,1
2.5,3.0,20260908_013309_layout_00,2,2,2,2
2.5,3.0,20260908_013309_layout_01,3,2,2,2
2.5,3.0,20260908_013309_layout_02,5,2,2,7
2.5,3.0,20260908_013309_layout_03,3,3,3,4
2.5,3.0,20260908_013309_layout_04,4,3,3,3
2.5,3.0,20260908_013309_layout_05,1,3,3,2
2.5,3.0,20260908_013309_layout_06,2,2,2,7
2.5,3.0,20260908_013309_layout_07,3,2,2,8
2.5,3.0,20260908_013309_layout_08,2,4,4,2
2.5,3.0,20260908_013309_layout_09,2,1,1,2
2.5,3.0,20260908_013309_layout_10,2,2,2,2
2.5,3.0,20260908_013309_layout_11,2,2,2,2
2.5,3.0,20260908_013309_layout_12,1,3,3,3
2.5,3.0,20260908_013309_layout_13,2,3,3,2
2.5,3.0,20260908_013309_layout_14,3,2,2,4
2.5,3.0,20260908_013309_layout_15,3,2,2,4
2.5,3.0,20260908_013309_layout_16,5,2,2,2
2.5,3.0,20260908_013309_layout_17,3,2,2,2
2.5,3.0,20260908_013309_layout_18,2,2,2,3
2.5,3.0,20260908_013309_layout_19,3,1,1,3
2.5,3.0,20260908_013309_layout_20,3,1,1,1
2.5,3.0,20260908_013309_layout_21,4,4,3,3
2.5,3.0,20260908_013309_layout_22,3,4,4,3
2.5,3.0,20260908_013309_layout_23,2,3,3,6
2.5,3.0,20260908_013309_layout_24,1,2,2,2
2.5,3.0,20260908_013309_layout_25,4,3,3,4
2.5,3.0,20260908_013309_layout_26,2,2,2,5
2.5,3.0,20260908_013309_layout_27,3,2,2,2
2.5,3.0,20260908_013309_layout_28,4,1,2,4
2.5,3.0,20260908_013309_layout_29,2,2,2,2
2.5,3.0,20260908_013309_layout_30,3,2,2,3
2.5,3.0,20260908_013309_layout_31,1,2,2,2
2.5,3.0,20260908_013309_layout_32,4,2,2,2
2.5,3.0,20260908_013309_layout_33,2,1,1,3
2.5,3.0,20260908_013309_layout_34,3,2,2,3
2.5,3.0,20260908_013309_layout_35,3,2,2,2
2.5,3.0,20260908_013309_layout_36,2,4,4,5
2.5,3.0,20260908_013309_layout_37,1,2,2,3
2.5,3.0,20260908_013309_layout_38,2,2,2,4
2.5,3.0,20260908_013309_layout_39,1,1,4,2
3.0,1.5,20260908_013309_layout_00,2,2,2,2
3.0,1.5,20260908_013309_layout_01,3,1,1,2
3.0,1.5,20260908_013309_layout_02,6,2,2,2
3.0,1.5,20260908_013309_layout_03,2,1,1,1
3.0,1.5,20260908_013309_layout_04,4,2,2,2
3.0,1.5,20260908_013309_layout_05,1,2,2,2
3.0,1.5,20260908_013309_layout_06,2,1,1,2
3.0,1.5,20260908_013309_layout_07,3,2,2,2
3.0,1.5,20260908_013309_layout_08,2,1,1,1
3.0,1.5,20260908_013309_layout_09,2,1,1,1
3.0,1.5,20260908_013309_layout_10,2,2,2,2
3.0,1.5,20260908_013309_layout_11,3,2,2,1
3.0,1.5,20260908_013309_layout_12,1,2,2,3
3.0,1.5,20260908_013309_layout_13,2,1,1,1
3.0,1.5,20260908_013309_layout_14,5,2,2,2
3.0,1.5,20260908_013309_layout_15,3,1,1,1
3.0,1.5,20260908_013309_layout_16,4,1,1,1
3.0,1.5,20260908_013309_layout_17,4,2,2,2
3.0,1.5,20260908_013309_layout_18,3,1,1,2
3.0,1.5,20260908_013309_layout_19,3,1,1,1
3.0,1.5,20260908_013309_layout_20,3,1,1,1
3.0,1.5,20260908_013309_layout_21,5,2,2,2
3.0,1.5,20260908_013309_layout_22,2,2,2,2
3.0,1.5,20260908_013309_layout_23,3,1,1,1
3.0,1.5,20260908_013309_layout_24,5,1,1,1
3.0,1.5,20260908_013309_layout_25,4,1,1,1
3.0,1.5,20260908_013309_layout_26,2,3,3,2
3.0,1.5,20260908_013309_layout_27,4,2,2,2
3.0,1.5,20260908_013309_layout_28,5,1,1,2
3.0,1.5,20260908_013309_layout_29,3,2,2,2
3.0,1.5,20260908_013309_layout_30,3,2,2,1
3.0,1.5,20260908_013309_layout_31,2,2,2,2
3.0,1.5,20260908_013309_layout_32,4,2,2,2
3.0,1.5,20260908_013309_layout_33,2,1,1,1
3.0,1.5,20260908_013309_layout_34,3,2,2,4
3.0,1.5,20260908_013309_layout_35,3,2,2,2
3.0,1.5,20260908_013309_layout_36,1,1,1,1
3.0,1.5,20260908_013309_layout_37,1,2,2,2
3.0,1.5,20260908_013309_layout_38,4,2,2,2
3.0,1.5,20260908_013309_layout_39,2,1,1,1
3.0,3.0,20260908_013309_layout_00,2,1,1,2
3.0,3.0,20260908_013309_layout_01,3,1,1,3
3.0,3.0,20260908_013309_layout_02,5,1,2,2
3.0,3.0,20260908_013309_layout_03,2,4,4,2
3.0,3.0,20260908_013309_layout_04,3,1,2,2
3.0,3.0,20260908_013309_layout_05,1,1,1,1
3.0,3.0,20260908_013309_layout_06,2,1,1,1
3.0,3.0,20260908_013309_layout_07,3,2,2,2
3.0,3.0,20260908_013309_layout_08,2,3,4,2
3.0,3.0,20260908_013309_layout_09,2,1,1,1
3.0,3.0,20260908_013309_layout_10,2,2,2,1
3.0,3.0,20260908_013309_layout_11,2,2,2,2
3.0,3.0,20260908_013309_layout_12,1,2,2,2
3.0,3.0,20260908_013309_layout_13,2,2,2,1
3.0,3.0,20260908_013309_layout_14,3,3,3,5
3.0,3.0,20260908_013309_layout_15,3,2,2,2
3.0,3.0,20260908_013309_layout_16,4,2,2,1
3.0,3.0,20260908_013309_layout_17,3,3,3,1
3.0,3.0,20260908_013309_layout_18,2,3,3,3
3.0,3.0,20260908_013309_layout_19,3,1,1,1
3.0,3.0,20260908_013309_layout_20,3,1,1,2
3.0,3.0,20260908_013309_layout_21,4,2,2,2
3.0,3.0,20260908_013309_layout_22,2,2,2,2
3.0,3.0,20260908_013309_layout_23,2,2,2,4
3.0,3.0,20260908_013309_layout_24,2,1,1,1
3.0,3.0,20260908_013309_layout_25,2,2,1,1
3.0,3.0,20260908_013309_layout_26,2,5,5,2
3.0,3.0,20260908_013309_layout_27,3,2,2,2
3.0,3.0,20260908_013309_layout_28,3,1,1,5
3.0,3.0,20260908_013309_layout_29,2,2,2,2
3.0,3.0,20260908_013309_layout_30,3,2,3,3
3.0,3.0,20260908_013309_layout_31,2,2,2,5
3.0,3.0,20260908_013309_layout_32,4,4,4,1
3.0,3.0,20260908_013309_layout_33,2,1,1,1
3.0,3.0,20260908_013309_layout_34,3,2,2,2
3.0,3.0,20260908_013309_layout_35,2,2,2,2
3.0,3.0,20260908_013309_layout_36,1,1,1,1
3.0,3.0,20260908_013309_layout_37,1,5,5,1
3.0,3.0,20260908_013309_layout_38,2,2,2,2
3.0,3.0,20260908_013309_layout_39,1,3,3,1
3.5,1.5,20260908_013309_layout_00,1,1,1,2
3.5,1.5,20260908_013309_layout_01,3,1,1,2
3.5,1.5,20260908_013309_layout_02,6,2,2,2
3.5,1.5,20260908_013309_layout_03,2,1,1,2
3.5,1.5,20260908_013309_layout_04,3,2,1,1
3.5,1.5,20260908_013309_layout_05,1,1,1,1
3.5,1.5,20260908_013309_layout_06,2,1,1,1
3.5,1.5,20260908_013309_layout_07,3,1,1,1
3.5,1.5,20260908_013309_layout_08,2,2,2,2
3.5,1.5,20260908_013309_layout_09,2,1,1,1
3.5,1.5,20260908_013309_layout_10,2,2,2,1
3.5,1.5,20260908_013309_layout_11,3,2,2,3
3.5,1.5,20260908_013309_layout_12,1,2,2,2
3.5,1.5,20260908_013309_layout_13,2,1,1,1
3.5,1.5,20260908_013309_layout_14,5,1,1,1
3.5,1.5,20260908_013309_layout_15,4,1,1,1
3.5,1.5,20260908_013309_layout_16,4,2,1,1
3.5,1.5,20260908_013309_layout_17,3,2,2,2
3.5,1.5,20260908_013309_layout_18,2,3,3,2
3.5,1.5,20260908_013309_layout_19,3,1,1,1
3.5,1.5,20260908_013309_layout_20,3,2,2,1
3.5,1.5,20260908_013309_layout_21,5,2,2,2
3.5,1.5,20260908_013309_layout_22,2,2,2,4
3.5,1.5,20260908_013309_layout_23,3,2,2,4
3.5,1.5,20260908_013309_layout_24,2,2,2,2
3.5,1.5,20260908_013309_layout_25,2,1,1,1
3.5,1.5,20260908_013309_layout_26,2,1,1,1
3.5,1.5,20260908_013309_layout_27,4,2,2,2
3.5,1.5,20260908_013309_layout_28,4,1,1,1
3.5,1.5,20260908_013309_layout_29,3,2,2,2
3.5,1.5,20260908_013309_layout_30,3,1,1,1
3.5,1.5,20260908_013309_layout_31,2,2,2,2
3.5,1.5,20260908_013309_layout_32,4,2,2,2
3.5,1.5,20260908_013309_layout_33,3,1,1,1
3.5,1.5,20260908_013309_layout_34,3,2,1,1
3.5,1.5,20260908_013309_layout_35,3,2,2,2
3.5,1.5,20260908_013309_layout_36,3,1,1,1
3.5,1.5,20260908_013309_layout_37,1,1,1,1
3.5,1.5,20260908_013309_layout_38,5,2,2,2
3.5,1.5,20260908_013309_layout_39,2,1,1,1
3.5,3.0,20260908_013309_layout_00,1,1,1,1
3.5,3.0,20260908_013309_layout_01,3,1,1,1
3.5,3.0,20260908_013309_layout_02,4,1,1,1
3.5,3.0,20260908_013309_layout_03,2,1,1,2
3.5,3.0,20260908_013309_layout_04,2,1,1,1
3.5,3.0,20260908_013309_layout_05,1,1,1,1
3.5,3.0,20260908_013309_layout_06,2,1,1,1
3.5,3.0,20260908_013309_layout_07,3,1,1,1
3.5,3.0,20260908_013309_layout_08,2,1,1,1
3.5,3.0,20260908_013309_layout_09,1,1,1,2
3.5,3.0,20260908_013309_layout_10,2,2,2,2
3.5,3.0,20260908_013309_layout_11,2,2,2,1
3.5,3.0,20260908_013309_layout_12,1,2,2,2
3.5,3.0,20260908_013309_layout_13,2,1,1,1
3.5,3.0,20260908_013309_layout_14,3,1,1,1
3.5,3.0,20260908_013309_layout_15,3,1,1,1
3.5,3.0,20260908_013309_layout_16,4,1,1,1
3.5,3.0,20260908_013309_layout_17,3,2,3,1
3.5,3.0,20260908_013309_layout_18,2,2,2,2
3.5,3.0,20260908_013309_layout_19,2,1,1,2
3.5,3.0,20260908_013309_layout_20,1,1,1,1
3.5,3.0,20260908_013309_layout_21,4,2,2,3
3.5,3.0,20260908_013309_layout_22,2,2,2,4
3.5,3.0,20260908_013309_layout_23,2,2,2,2
3.5,3.0,20260908_013309_layout_24,1,2,2,1
3.5,3.0,20260908_013309_layout_25,1,2,2,1
3.5,3.0,20260908_013309_layout_26,2,3,3,2
3.5,3.0,20260908_013309_layout_27,3,2,2,2
3.5,3.0,20260908_013309_layout_28,4,3,3,1
3.5,3.0,20260908_013309_layout_29,2,3,2,1
3.5,3.0,20260908_013309_layout_30,3,2,2,2
3.5,3.0,20260908_013309_layout_31,2,2,2,1
3.5,3.0,20260908_013309_layout_32,3,2,2,2
3.5,3.0,20260908_013309_layout_33,2,1,1,1
3.5,3.0,20260908_013309_layout_34,3,1,1,1
3.5,3.0,20260908_013309_layout_35,3,1,1,1
3.5,3.0,20260908_013309_layout_36,1,1,1,1
3.5,3.0,20260908_013309_layout_37,1,2,2,1
3.5,3.0,20260908_013309_layout_38,2,2,2,2
3.5,3.0,20260908_013309_layout_39,1,1,1,1
4.0,1.5,20260908_013309_layout_00,1,1,1,1
4.0,1.5,20260908_013309_layout_01,3,1,1,1
4.0,1.5,20260908_013309_layout_02,6,1,1,1
4.0,1.5,20260908_013309_layout_03,2,1,1,1
4.0,1.5,20260908_013309_layout_04,3,1,1,1
4.0,1.5,20260908_013309_layout_05,1,1,1,1
4.0,1.5,20260908_013309_layout_06,2,1,1,1
4.0,1.5,20260908_013309_layout_07,3,1,1,1
4.0,1.5,20260908_013309_layout_08,2,1,1,1
4.0,1.5,20260908_013309_layout_09,2,1,1,1
4.0,1.5,20260908_013309_layout_10,3,2,3,2
4.0,1.5,20260908_013309_layout_11,3,1,1,2
4.0,1.5,20260908_013309_layout_12,1,1,1,1
4.0,1.5,20260908_013309_layout_13,2,1,1,2
4.0,1.5,20260908_013309_layout_14,2,1,1,2
4.0,1.5,20260908_013309_layout_15,4,2,2,1
4.0,1.5,20260908_013309_layout_16,4,1,1,1
4.0,1.5,20260908_013309_layout_17,3,2,2,2
4.0,1.5,20260908_013309_layout_18,3,1,1,1
4.0,1.5,20260908_013309_layout_19,2,1,1,1
4.0,1.5,20260908_013309_layout_20,2,1,1,1
4.0,1.5,20260908_013309_layout_21,4,1,1,1
4.0,1.5,20260908_013309_layout_22,2,2,2,2
4.0,1.5,20260908_013309_layout_23,2,1,1,1
4.0,1.5,20260908_013309_layout_24,2,1,1,1
4.0,1.5,20260908_013309_layout_25,1,1,1,1
4.0,1.5,20260908_013309_layout_26,2,1,1,1
4.0,1.5,20260908_013309_layout_27,4,1,1,1
4.0,1.5,20260908_013309_layout_28,4,1,1,1
4.0,1.5,20260908_013309_layout_29,3,1,1,1
4.0,1.5,20260908_013309_layout_30,2,1,1,1
4.0,1.5,20260908_013309_layout_31,3,1,1,1
4.0,1.5,20260908_013309_layout_32,4,1,1,1
4.0,1.5,20260908_013309_layout_33,2,1,1,1
4.0,1.5,20260908_013309_layout_34,3,2,2,2
4.0,1.5,20260908_013309_layout_35,3,1,1,1
4.0,1.5,20260908_013309_layout_36,3,1,1,1
4.0,1.5,20260908_013309_layout_37,2,1,1,1
4.0,1.5,20260908_013309_layout_38,5,2,2,2
4.0,1.5,20260908_013309_layout_39,1,1,1,2
4.0,3.0,20260908_013309_layout_00,1,1,1,1
4.0,3.0,20260908_013309_layout_01,3,1,1,2
4.0,3.0,20260908_013309_layout_02,4,2,1,1
4.0,3.0,20260908_013309_layout_03,1,1,1,1
4.0,3.0,20260908_013309_layout_04,2,1,1,1
4.0,3.0,20260908_013309_layout_05,1,1,1,1
4.0,3.0,20260908_013309_layout_06,1,1,1,1
4.0,3.0,20260908_013309_layout_07,3,2,2,2
4.0,3.0,20260908_013309_layout_08,2,1,1,1
4.0,3.0,20260908_013309_layout_09,1,1,1,1
4.0,3.0,20260908_013309_layout_10,2,2,2,1
4.0,3.0,20260908_013309_layout_11,2,1,1,1
4.0,3.0,20260908_013309_layout_12,1,1,1,1
4.0,3.0,20260908_013309_layout_13,1,1,1,1
4.0,3.0,20260908_013309_layout_14,2,2,2,2
4.0,3.0,20260908_013309_layout_15,3,1,1,2
4.0,3.0,20260908_013309_layout_16,4,1,1,1
4.0,3.0,20260908_013309_layout_17,3,2,2,2
4.0,3.0,20260908_013309_layout_18,2,1,1,1
4.0,3.0,20260908_013309_layout_19,2,1,1,1
4.0,3.0,20260908_013309_layout_20,1,1,1,1
4.0,3.0,20260908_013309_layout_21,3,1,1,1
4.0,3.0,20260908_013309_layout_22,2,1,1,1
4.0,3.0,20260908_013309_layout_23,2,1,1,1
4.0,3.0,20260908_013309_layout_24,1,1,1,1
4.0,3.0,20260908_013309_layout_25,1,2,2,1
4.0,3.0,20260908_013309_layout_26,2,2,2,1
4.0,3.0,20260908_013309_layout_27,3,2,1,1
4.0,3.0,20260908_013309_layout_28,2,1,1,1
4.0,3.0,20260908_013309_layout_29,2,1,1,1
4.0,3.0,20260908_013309_layout_30,1,1,1,1
4.0,3.0,20260908_013309_layout_31,1,1,1,1
4.0,3.0,20260908_013309_layout_32,2,1,1,1
4.0,3.0,20260908_013309_layout_33,1,1,1,1
4.0,3.0,20260908_013309_layout_34,3,1,1,1
4.0,3.0,20260908_013309_layout_35,2,1,1,1
4.0,3.0,20260908_013309_layout_36,1,1,1,1
4.0,3.0,20260908_013309_layout_37,1,1,1,1
4.0,3.0,20260908_013309_layout_38,2,1,1,1
4.0,3.0,20260908_013309_layout_39,1,2,2,1
